Workbook

Sheet 项目信息概览
A1: 【工单标题】项目送审信息概览（非必选）
A2: 序号 | B2: 【工单标题】 | C2: COM-1-福建移动和乐业数字生活平台 | D2: 结算 | E2: B | F2: 基础平台系统 | G2: 市场经营部 | H2: 卞蕾 | I2: 13950406998 | J2: ='5、预估工作量和FPA核减后的工作量元数据录入'!B3 | K2: 157
A3: 1 | B3: 关于构建垂直行业场景化营销的需求 | C3: COM-1-福建移动和乐业数字生活平台 | D3: 结算 | E3: B | F3: 基础平台系统 | G3: 市场经营部 | H3: 卞蕾 | I3: 13950406998 | J3: =SUM(J2:J2) | K3: =SUM(K2:K2)
A4: 合计 | J4: =SUM(J3:J3) | K4: =SUM(K3:K3)
D7: 预算 | E7: B
D8: 结算 | E8: M
E9: O

Sheet 功能清单
A1: 【工单标题】项目送审功能清单(非必选)
A2: 需求序号 | B2: 项目名称 | C2: 子系统 | D2: 一级功能模块名称 | E2: 二级功能模块名称 | F2: 三级功能模块名称 | G2: 类型 | H2: 送审工作量 | I2: 送审功能点
A3: 1 | B3: 【工单标题】 | C3: 和乐业数字生活 | D3: 垂直行业营销 | E3: 垂直行业管理 | F3: 垂直行业管理 | G3: 新增 | H3: ='5、预估工作量和FPA核减后的工作量元数据录入'!B3 | I3: 157
A4: 2 | B4: 【工单标题】 | C4: 和乐业数字生活 | D4: 垂直行业营销 | E4: 垂直行业管理 | F4: 合伙商管理 | G4: 新增 | H4: ='5、预估工作量和FPA核减后的工作量元数据录入'!B3 | I4: 157
A5: 3 | B5: 【工单标题】 | C5: 和乐业数字生活 | D5: 垂直行业营销 | E5: 装修管理 | F5: 首页装修 | G5: 新增 | H5: ='5、预估工作量和FPA核减后的工作量元数据录入'!B3 | I5: 157
A6: 4 | B6: 【工单标题】 | C6: 和乐业数字生活 | D6: 垂直行业营销 | E6: 装修管理 | F6: 自定义装修 | G6: 新增 | H6: ='5、预估工作量和FPA核减后的工作量元数据录入'!B3 | I6: 157
A7: 5 | B7: 【工单标题】 | C7: 和乐业数字生活 | D7: 垂直行业营销 | E7: 行业人员认证管理 | F7: 行业人员认证列表 | G7: 新增 | H7: ='5、预估工作量和FPA核减后的工作量元数据录入'!B3 | I7: 157
A8: 6 | B8: 【工单标题】 | C8: 和乐业数字生活 | D8: 垂直行业营销 | E8: 行业人员认证管理 | F8: 行业人员稽核列表 | G8: 新增 | H8: ='5、预估工作量和FPA核减后的工作量元数据录入'!B3 | I8: 157
A9: 7 | B9: 【工单标题】 | C9: 和乐业数字生活 | D9: 垂直行业营销 | E9: 驿站管理 | F9: 驿站列表 | G9: 新增 | H9: ='5、预估工作量和FPA核减后的工作量元数据录入'!B3 | I9: 157
A10: 8 | B10: 【工单标题】 | C10: 和乐业数字生活 | D10: 垂直行业营销 | E10: 签到管理 | F10: 签到奖品配置 | G10: 新增 | H10: ='5、预估工作量和FPA核减后的工作量元数据录入'!B3 | I10: 157
A11: 9 | B11: 【工单标题】 | C11: 和乐业数字生活 | D11: 垂直行业营销 | E11: 签到管理 | F11: 签到记录 | G11: 新增 | H11: ='5、预估工作量和FPA核减后的工作量元数据录入'!B3 | I11: 157
A12: 10 | B12: 【工单标题】 | C12: 和乐业数字生活 | D12: 垂直行业营销 | E12: 订单管理 | F12: 卡券订单 | G12: 新增 | H12: ='5、预估工作量和FPA核减后的工作量元数据录入'!B3 | I12: 157
A13: 11 | B13: 【工单标题】 | C13: 和乐业数字生活 | D13: 垂直行业营销 | E13: 订单管理 | F13: 业务订单 | G13: 新增 | H13: ='5、预估工作量和FPA核减后的工作量元数据录入'!B3 | I13: 157
A14: 12 | B14: 【工单标题】 | C14: 和乐业数字生活 | D14: 用户前台 | E14: 活动前台 | F14: 垂直行业登录页 | G14: 新增 | H14: ='5、预估工作量和FPA核减后的工作量元数据录入'!B3 | I14: 157
A15: 13 | B15: 【工单标题】 | C15: 和乐业数字生活 | D15: 用户前台 | E15: 活动前台 | F15: 首页 | G15: 新增 | H15: ='5、预估工作量和FPA核减后的工作量元数据录入'!B3 | I15: 157
A16: 14 | B16: 【工单标题】 | C16: 和乐业数字生活 | D16: 渠道工作台 | E16: 垂直行业管理 | F16: 用户信息 | G16: 修改 | H16: ='5、预估工作量和FPA核减后的工作量元数据录入'!B3 | I16: 157
A17: 15 | B17: 【工单标题】 | C17: 和乐业数字生活 | D17: 渠道工作台 | E17: 垂直行业管理 | F17: 分销码 | G17: 新增 | H17: ='5、预估工作量和FPA核减后的工作量元数据录入'!B3 | I17: 157
A18: 16 | B18: 【工单标题】 | C18: 和乐业数字生活 | D18: 渠道工作台 | E18: 垂直行业管理 | F18: 稽核管理 | G18: 新增 | H18: ='5、预估工作量和FPA核减后的工作量元数据录入'!B3 | I18: 157
A19: 17 | B19: 【工单标题】 | C19: 和乐业数字生活 | D19: 渠道工作台 | E19: 垂直行业管理 | F19: 销售概况 | G19: 新增 | H19: ='5、预估工作量和FPA核减后的工作量元数据录入'!B3 | I19: 157
A20: 18 | B20: 【工单标题】 | C20: 和乐业数字生活 | D20: 渠道工作台 | E20: 垂直行业管理 | F20: 卡劵订单 | G20: 新增 | H20: ='5、预估工作量和FPA核减后的工作量元数据录入'!B3 | I20: 157
A21: 19 | B21: 【工单标题】 | C21: 和乐业数字生活 | D21: 渠道工作台 | E21: 垂直行业管理 | F21: 业务订单 | G21: 新增 | H21: ='5、预估工作量和FPA核减后的工作量元数据录入'!B3 | I21: 157
